azi,aoi,wvl,radius,pitch,mm,dmm,abs pillar,abs substrate,reflected flux,E,H,E air,H air,E Ge,H Ge,E CaF2,H CaF2
35,60,6200,500,4000,"[[0.025256278709007773, -0.020559684383197867, -1.5960679517971398e-05, 1.0477349667884552e-05], [-0.02055968439460354, 0.025256251281129634, 3.138312898041097e-05, -6.041653737107935e-06], [1.5945529439353955e-05, -3.137528317067132e-05, 0.01464606722888662, -0.0008189092444654232], [1.0478036251277256e-05, -6.043589702013353e-06, 0.0008189092389648215, 0.014646094656761841]]","[[ 1.00000000e+00 -8.14042505e-01 -6.31948978e-04  4.14841386e-04]
 [-8.14042505e-01  9.99998914e-01  1.24258721e-03 -2.39213932e-04]
 [ 6.31349124e-04 -1.24227657e-03  5.79898068e-01 -3.24239867e-02]
 [ 4.14868571e-04 -2.39290585e-04  3.24239865e-02  5.79899154e-01]]","[2.231139474787761e-21, 5.608144873264925e-23]","[3.9413002408398716e-20, 3.506517694374465e-19]","[0.025266756044920537, 0.025245801345596185]",,,"[1.085632090615779e-25, 1.086040486345588e-25]","[1.120260885510598e-25, 1.120542056765492e-25]","[6.373136089957986e-28, 6.309614454687846e-28]","[4.632728564904438e-28, 4.663198281288479e-28]","[4.540484161882074e-26, 4.539786027192019e-26]","[4.534900645652098e-26, 4.53442055689844e-26]"
