{
    "_45_60_280_50_175_50_False": {
        "azimuth": 45,
        "AOI": 60,
        "wvl": 280,
        "radius": 50,
        "pitch": 175,
        "height": 50,
        "kappa": false,
        "abs pillar": [
            0.4006584302254255,
            0.30180578772001393
        ],
        "abs film": [
            0.1519991533240032,
            0.0905463250603553
        ],
        "abs amino": [
            0.23213129919680384,
            0.14953954689034382
        ],
        "reflected_diff_orders": 1,
        "reflected flux": [
            [
                [
                    "0",
                    "0"
                ],
                [
                    0.21534757776473887,
                    0.21534757776473887
                ]
            ]
        ],
        "mm_diff_orders": 1,
        "mm": [
            [
                [
                    [
                        [
                            -19433564.61679521,
                            0.0
                        ],
                        [
                            0.0,
                            0.0
                        ],
                        [
                            11219973.762820702,
                            0.0
                        ]
                    ],
                    [
                        60.0,
                        60.0
                    ],
                    [
                        -180.0,
                        -180.0
                    ]
                ],
                [
                    [
                        0.33687226796233616,
                        0.06931611388680528,
                        0.21933021114057108,
                        -0.1215246900803629
                    ],
                    [
                        0.027548471754357415,
                        0.20024914478152755,
                        -0.05398291227265853,
                        -0.059575607025473244
                    ],
                    [
                        -0.13474153570575004,
                        0.02885797783852151,
                        -0.08508655502530774,
                        0.23640428543696984
                    ],
                    [
                        -0.22082689084918933,
                        -0.09836884788046724,
                        -0.289406417197475,
                        0.03370787197872399
                    ]
                ]
            ]
        ]
    }
}