{
    "_45_60_280_50_175_50_False": {
        "azimuth": 45,
        "AOI": 60,
        "wvl": 280,
        "radius": 50,
        "pitch": 175,
        "height": 50,
        "kappa": false,
        "abs pillar": [
            0.4006584302254134,
            0.3018057877200166
        ],
        "abs film": [
            0.15199915332400005,
            0.09054632506036311
        ],
        "abs amino": [
            0.23213129919678646,
            0.149539546890355
        ],
        "reflected_diff_orders": 1,
        "reflected flux": [
            [
                [
                    "0",
                    "0"
                ],
                [
                    0.21534757776475744,
                    0.21534757776475744
                ]
            ]
        ],
        "mm_diff_orders": 1,
        "mm": [
            [
                [
                    [
                        [
                            -19433564.61679521,
                            0.0
                        ],
                        [
                            0.0,
                            0.0
                        ],
                        [
                            11219973.7628207,
                            0.0
                        ]
                    ],
                    [
                        60.0,
                        60.0
                    ],
                    [
                        -180.0,
                        -180.0
                    ]
                ],
                [
                    [
                        0.3368722679623314,
                        0.06931611388681289,
                        0.2193302111405792,
                        -0.1215246900803395
                    ],
                    [
                        0.02754847175436118,
                        0.2002491447815241,
                        -0.05398291227265153,
                        -0.05957560702547457
                    ],
                    [
                        -0.1347415357057254,
                        0.02885797783852462,
                        -0.0850865550253,
                        0.2364042854369536
                    ],
                    [
                        -0.2208268908492015,
                        -0.09836884788046754,
                        -0.2894064171974809,
                        0.03370787197871887
                    ]
                ]
            ]
        ]
    }
}